<?xml version="1.0" encoding="UTF-8"?>
<GenRun Id="impl_1" LaunchPart="xc7a100tcsg324-1" LaunchTime="1677120334">
  <File Type="BITSTR-BMM" Name="lab09_bd.bmm"/>
  <File Type="OPT-METHODOLOGY-DRC" Name="lab09_methodology_drc_opted.rpt"/>
  <File Type="INIT-TIMING" Name="lab09_timing_summary_init.rpt"/>
  <File Type="ROUTE-PWR" Name="lab09_power_routed.rpt"/>
  <File Type="PA-TCL" Name="lab09.tcl"/>
  <File Type="OPT-TIMING" Name="lab09_timing_summary_opted.rpt"/>
  <File Type="OPT-DCP" Name="lab09_opt.dcp"/>
  <File Type="ROUTE-PWR-SUM" Name="lab09_power_summary_routed.pb"/>
  <File Type="REPORTS-TCL" Name="lab09_reports.tcl"/>
  <File Type="OPT-DRC" Name="lab09_drc_opted.rpt"/>
  <File Type="OPT-HWDEF" Name="lab09.hwdef"/>
  <File Type="PWROPT-DCP" Name="lab09_pwropt.dcp"/>
  <File Type="PWROPT-DRC" Name="lab09_drc_pwropted.rpt"/>
  <File Type="PWROPT-TIMING" Name="lab09_timing_summary_pwropted.rpt"/>
  <File Type="PLACE-DCP" Name="lab09_placed.dcp"/>
  <File Type="PLACE-IO" Name="lab09_io_placed.rpt"/>
  <File Type="PLACE-CLK" Name="lab09_clock_utilization_placed.rpt"/>
  <File Type="PLACE-UTIL" Name="lab09_utilization_placed.rpt"/>
  <File Type="PLACE-UTIL-PB" Name="lab09_utilization_placed.pb"/>
  <File Type="PLACE-CTRL" Name="lab09_control_sets_placed.rpt"/>
  <File Type="PLACE-SIMILARITY" Name="lab09_incremental_reuse_placed.rpt"/>
  <File Type="PLACE-PRE-SIMILARITY" Name="lab09_incremental_reuse_pre_placed.rpt"/>
  <File Type="PLACE-TIMING" Name="lab09_timing_summary_placed.rpt"/>
  <File Type="POSTPLACE-PWROPT-DCP" Name="lab09_postplace_pwropt.dcp"/>
  <File Type="BG-BIN" Name="lab09.bin"/>
  <File Type="POSTPLACE-PWROPT-TIMING" Name="lab09_timing_summary_postplace_pwropted.rpt"/>
  <File Type="PHYSOPT-DCP" Name="lab09_physopt.dcp"/>
  <File Type="PHYSOPT-DRC" Name="lab09_drc_physopted.rpt"/>
  <File Type="BITSTR-MSK" Name="lab09.msk"/>
  <File Type="PHYSOPT-TIMING" Name="lab09_timing_summary_physopted.rpt"/>
  <File Type="ROUTE-ERROR-DCP" Name="lab09_routed_error.dcp"/>
  <File Type="ROUTE-DCP" Name="lab09_routed.dcp"/>
  <File Type="ROUTE-BLACKBOX-DCP" Name="lab09_routed_bb.dcp"/>
  <File Type="ROUTE-DRC" Name="lab09_drc_routed.rpt"/>
  <File Type="ROUTE-DRC-PB" Name="lab09_drc_routed.pb"/>
  <File Type="ROUTE-DRC-RPX" Name="lab09_drc_routed.rpx"/>
  <File Type="BITSTR-MMI" Name="lab09.mmi"/>
  <File Type="ROUTE-METHODOLOGY-DRC" Name="lab09_methodology_drc_routed.rpt"/>
  <File Type="ROUTE-METHODOLOGY-DRC-RPX" Name="lab09_methodology_drc_routed.rpx"/>
  <File Type="ROUTE-METHODOLOGY-DRC-PB" Name="lab09_methodology_drc_routed.pb"/>
  <File Type="ROUTE-PWR-RPX" Name="lab09_power_routed.rpx"/>
  <File Type="ROUTE-STATUS" Name="lab09_route_status.rpt"/>
  <File Type="ROUTE-STATUS-PB" Name="lab09_route_status.pb"/>
  <File Type="ROUTE-TIMINGSUMMARY" Name="lab09_timing_summary_routed.rpt"/>
  <File Type="ROUTE-TIMING-PB" Name="lab09_timing_summary_routed.pb"/>
  <File Type="ROUTE-TIMING-RPX" Name="lab09_timing_summary_routed.rpx"/>
  <File Type="ROUTE-SIMILARITY" Name="lab09_incremental_reuse_routed.rpt"/>
  <File Type="ROUTE-CLK" Name="lab09_clock_utilization_routed.rpt"/>
  <File Type="ROUTE-BUS-SKEW" Name="lab09_bus_skew_routed.rpt"/>
  <File Type="ROUTE-BUS-SKEW-PB" Name="lab09_bus_skew_routed.pb"/>
  <File Type="ROUTE-BUS-SKEW-RPX" Name="lab09_bus_skew_routed.rpx"/>
  <File Type="POSTROUTE-PHYSOPT-DCP" Name="lab09_postroute_physopt.dcp"/>
  <File Type="POSTROUTE-PHYSOPT-BLACKBOX-DCP" Name="lab09_postroute_physopt_bb.dcp"/>
  <File Type="POSTROUTE-PHYSOPT-TIMING" Name="lab09_timing_summary_postroute_physopted.rpt"/>
  <File Type="POSTROUTE-PHYSOPT-TIMING-PB" Name="lab09_timing_summary_postroute_physopted.pb"/>
  <File Type="POSTROUTE-PHYSOPT-TIMING-RPX" Name="lab09_timing_summary_postroute_physopted.rpx"/>
  <File Type="POSTROUTE-PHYSOPT-BUS-SKEW" Name="lab09_bus_skew_postroute_physopted.rpt"/>
  <File Type="POSTROUTE-PHYSOPT-BUS-SKEW-PB" Name="lab09_bus_skew_postroute_physopted.pb"/>
  <File Type="BG-BIT" Name="lab09.bit"/>
  <File Type="POSTROUTE-PHYSOPT-BUS-SKEW-RPX" Name="lab09_bus_skew_postroute_physopted.rpx"/>
  <File Type="BITSTR-RBT" Name="lab09.rbt"/>
  <File Type="BITSTR-NKY" Name="lab09.nky"/>
  <File Type="PDI-FILE" Name="lab09.pdi"/>
  <File Type="RCFI_FILE" Name="lab09.rcfi"/>
  <File Type="CFI_FILE" Name="lab09.cfi"/>
  <File Type="RNPI_FILE" Name="lab09.rnpi"/>
  <File Type="NPI_FILE" Name="lab09.npi"/>
  <File Type="RBD_FILE" Name="lab09.rbd"/>
  <File Type="BITSTR-LTX" Name="debug_nets.ltx"/>
  <File Type="BITSTR-LTX" Name="lab09.ltx"/>
  <File Type="BITSTR-SYSDEF" Name="lab09.sysdef"/>
  <File Type="BG-BGN" Name="lab09.bgn"/>
  <File Type="BG-DRC" Name="lab09.drc"/>
  <File Type="RDI-RDI" Name="lab09.vdi"/>
  <File Type="WBT-USG" Name="usage_statistics_webtalk.html"/>
  <FileSet Name="sources" Type="DesignSrcs" RelSrcDir="$PSRCDIR/sources_1" RelGenDir="$PGENDIR/sources_1">
    <Filter Type="Srcs"/>
    <File Path="$PSRCDIR/sources_1/new/lab09.sv">
      <FileInfo>
        <Attr Name="UsedIn" Val="synthesis"/>
        <Attr Name="UsedIn" Val="implementation"/>
        <Attr Name="UsedIn" Val="simulation"/>
      </FileInfo>
    </File>
    <Config>
      <Option Name="DesignMode" Val="RTL"/>
      <Option Name="TopModule" Val="lab09"/>
      <Option Name="TopAutoSet" Val="TRUE"/>
    </Config>
  </FileSet>
  <FileSet Name="constrs_in" Type="Constrs" RelSrcDir="$PSRCDIR/constrs_1">
    <Filter Type="Constrs"/>
    <File Path="$PSRCDIR/constrs_1/new/lab09.xdc">
      <FileInfo>
        <Attr Name="UsedIn" Val="synthesis"/>
        <Attr Name="UsedIn" Val="implementation"/>
      </FileInfo>
    </File>
    <Config>
      <Option Name="ConstrsType" Val="XDC"/>
    </Config>
  </FileSet>
  <FileSet Name="utils" Type="Utils" RelSrcDir="$PSRCDIR/utils_1">
    <Filter Type="Utils"/>
    <Config>
      <Option Name="TopAutoSet" Val="TRUE"/>
    </Config>
  </FileSet>
  <Strategy Version="1" Minor="2">
    <StratHandle Name="Vivado Implementation Defaults" Flow="Vivado Implementation 2020"/>
    <Step Id="init_design"/>
    <Step Id="opt_design"/>
    <Step Id="power_opt_design"/>
    <Step Id="place_design"/>
    <Step Id="post_place_power_opt_design"/>
    <Step Id="phys_opt_design"/>
    <Step Id="route_design"/>
    <Step Id="post_route_phys_opt_design"/>
    <Step Id="write_bitstream"/>
  </Strategy>
  <BlockFileSet Type="BlockSrcs" Name="char_buf"/>
</GenRun>
