<?xml version="1.0" encoding="UTF-8"?>
<GenRun Id="impl_1" LaunchPart="xc7a100tcsg324-1" LaunchTime="1669352391">
  <File Type="ROUTE-PWR" Name="vga_gen_power_routed.rpt"/>
  <File Type="PA-TCL" Name="vga_gen.tcl"/>
  <File Type="ROUTE-PWR-SUM" Name="vga_gen_power_summary_routed.pb"/>
  <File Type="REPORTS-TCL" Name="vga_gen_reports.tcl"/>
  <File Type="BITSTR-MSK" Name="vga_gen.msk"/>
  <File Type="ROUTE-CLK" Name="vga_gen_clock_utilization_routed.rpt"/>
  <File Type="RDI-RDI" Name="vga_gen.vdi"/>
  <File Type="BG-BIT" Name="vga_gen.bit"/>
  <File Type="BG-DRC" Name="vga_gen.drc"/>
  <File Type="BG-BGN" Name="vga_gen.bgn"/>
  <File Type="BG-BIN" Name="vga_gen.bin"/>
  <File Type="BITSTR-RBT" Name="vga_gen.rbt"/>
  <File Type="BITSTR-NKY" Name="vga_gen.nky"/>
  <File Type="BITSTR-BMM" Name="vga_gen_bd.bmm"/>
  <File Type="BITSTR-MMI" Name="vga_gen.mmi"/>
  <File Type="ROUTE-METHODOLOGY-DRC" Name="vga_gen_methodology_drc_routed.rpt"/>
  <File Type="BITSTR-SYSDEF" Name="vga_gen.sysdef"/>
  <File Type="BITSTR-LTX" Name="debug_nets.ltx"/>
  <File Type="BITSTR-LTX" Name="vga_gen.ltx"/>
  <File Type="WBT-USG" Name="usage_statistics_webtalk.html"/>
  <File Type="OPT-DRC" Name="vga_gen_drc_opted.rpt"/>
  <File Type="OPT-HWDEF" Name="vga_gen.hwdef"/>
  <File Type="PLACE-IO" Name="vga_gen_io_placed.rpt"/>
  <File Type="PLACE-UTIL" Name="vga_gen_utilization_placed.rpt"/>
  <File Type="PLACE-UTIL-PB" Name="vga_gen_utilization_placed.pb"/>
  <File Type="PLACE-CTRL" Name="vga_gen_control_sets_placed.rpt"/>
  <File Type="PLACE-PRE-SIMILARITY" Name="vga_gen_incremental_reuse_pre_placed.rpt"/>
  <File Type="ROUTE-DRC" Name="vga_gen_drc_routed.rpt"/>
  <File Type="ROUTE-DRC-PB" Name="vga_gen_drc_routed.pb"/>
  <File Type="ROUTE-PWR-RPX" Name="vga_gen_power_routed.rpx"/>
  <File Type="ROUTE-STATUS" Name="vga_gen_route_status.rpt"/>
  <File Type="ROUTE-STATUS-PB" Name="vga_gen_route_status.pb"/>
  <File Type="ROUTE-DCP" Name="vga_gen_routed.dcp"/>
  <File Type="ROUTE-ERROR-DCP" Name="vga_gen_routed_error.dcp"/>
  <File Type="ROUTE-BLACKBOX-DCP" Name="vga_gen_routed_bb.dcp"/>
  <File Type="ROUTE-TIMINGSUMMARY" Name="vga_gen_timing_summary_routed.rpt"/>
  <File Type="ROUTE-TIMING-PB" Name="vga_gen_timing_summary_routed.pb"/>
  <File Type="ROUTE-TIMING-RPX" Name="vga_gen_timing_summary_routed.rpx"/>
  <File Type="ROUTE-BUS-SKEW" Name="vga_gen_bus_skew_routed.rpt"/>
  <File Type="ROUTE-BUS-SKEW-PB" Name="vga_gen_bus_skew_routed.pb"/>
  <File Type="ROUTE-BUS-SKEW-RPX" Name="vga_gen_bus_skew_routed.rpx"/>
  <File Type="OPT-DCP" Name="vga_gen_opt.dcp"/>
  <File Type="PLACE-DCP" Name="vga_gen_placed.dcp"/>
  <File Type="PWROPT-DCP" Name="vga_gen_pwropt.dcp"/>
  <File Type="POSTPLACE-PWROPT-DCP" Name="vga_gen_postplace_pwropt.dcp"/>
  <File Type="PHYSOPT-DCP" Name="vga_gen_physopt.dcp"/>
  <File Type="POSTROUTE-PHYSOPT-DCP" Name="vga_gen_postroute_physopt.dcp"/>
  <File Type="POSTROUTE-PHYSOPT-BLACKBOX-DCP" Name="vga_gen_postroute_physopt_bb.dcp"/>
  <File Type="ROUTE-METHODOLOGY-DRC-PB" Name="vga_gen_methodology_drc_routed.pb"/>
  <File Type="ROUTE-DRC-RPX" Name="vga_gen_drc_routed.rpx"/>
  <File Type="ROUTE-METHODOLOGY-DRC-RPX" Name="vga_gen_methodology_drc_routed.rpx"/>
  <File Type="PDI-FILE" Name="vga_gen.pdi"/>
  <File Type="RCFI_FILE" Name="vga_gen.rcfi"/>
  <File Type="CFI_FILE" Name="vga_gen.cfi"/>
  <File Type="RNPI_FILE" Name="vga_gen.rnpi"/>
  <File Type="NPI_FILE" Name="vga_gen.npi"/>
  <File Type="RBD_FILE" Name="vga_gen.rbd"/>
  <File Type="ROUTE-RQS" Name="vga_gen_routed.rqs"/>
  <File Type="POSTROUTE-PHYSOPT-RQS" Name="vga_gen_postroute_physopted.rqs"/>
  <File Type="ROUTE-RQS-RPT" Name="route_report_qor_suggestions_0.rpt"/>
  <File Type="POSTROUTE-PHYSOPT-RQS-RPT" Name="postroute_physopt_report_qor_suggestions_0.rpt"/>
  <FileSet Name="sources" Type="DesignSrcs" RelSrcDir="$PSRCDIR/sources_1" RelGenDir="$PGENDIR/sources_1">
    <Filter Type="Srcs"/>
    <File Path="$PPRDIR/../lab_06/lab_06.srcs/sources_1/new/clkgen.v">
      <FileInfo>
        <Attr Name="UsedIn" Val="synthesis"/>
        <Attr Name="UsedIn" Val="implementation"/>
        <Attr Name="UsedIn" Val="simulation"/>
      </FileInfo>
    </File>
    <File Path="$PSRCDIR/sources_1/new/lab08.v">
      <FileInfo>
        <Attr Name="UsedIn" Val="synthesis"/>
        <Attr Name="UsedIn" Val="implementation"/>
        <Attr Name="UsedIn" Val="simulation"/>
      </FileInfo>
    </File>
    <File Path="$PPRDIR/exg.coe">
      <FileInfo>
        <Attr Name="UsedIn" Val="synthesis"/>
        <Attr Name="UsedIn" Val="simulation"/>
      </FileInfo>
    </File>
    <File Path="$PPRDIR/outlfq.coe">
      <FileInfo>
        <Attr Name="UsedIn" Val="synthesis"/>
        <Attr Name="UsedIn" Val="simulation"/>
      </FileInfo>
    </File>
    <Config>
      <Option Name="DesignMode" Val="RTL"/>
      <Option Name="TopModule" Val="vga_gen"/>
      <Option Name="TopAutoSet" Val="TRUE"/>
    </Config>
  </FileSet>
  <FileSet Name="constrs_in" Type="Constrs" RelSrcDir="$PSRCDIR/constrs_1">
    <Filter Type="Constrs"/>
    <File Path="$PPRDIR/nexysa7-lab8.xdc">
      <FileInfo>
        <Attr Name="UsedIn" Val="synthesis"/>
        <Attr Name="UsedIn" Val="implementation"/>
      </FileInfo>
    </File>
    <Config>
      <Option Name="ConstrsType" Val="XDC"/>
    </Config>
  </FileSet>
  <FileSet Name="utils" Type="Utils" RelSrcDir="$PSRCDIR/utils_1">
    <Filter Type="Utils"/>
    <File Path="$PSRCDIR/utils_1/imports/synth_1/vga_gen.dcp">
      <FileInfo>
        <Attr Name="UsedIn" Val="synthesis"/>
        <Attr Name="UsedIn" Val="implementation"/>
        <Attr Name="UsedInSteps" Val="synth_1"/>
        <Attr Name="AutoDcp" Val="1"/>
      </FileInfo>
    </File>
    <Config>
      <Option Name="TopAutoSet" Val="TRUE"/>
    </Config>
  </FileSet>
  <Strategy Version="1" Minor="2">
    <StratHandle Name="Vivado Implementation Defaults" Flow="Vivado Implementation 2022"/>
    <Step Id="init_design"/>
    <Step Id="opt_design"/>
    <Step Id="power_opt_design"/>
    <Step Id="place_design"/>
    <Step Id="post_place_power_opt_design"/>
    <Step Id="phys_opt_design"/>
    <Step Id="route_design"/>
    <Step Id="post_route_phys_opt_design"/>
    <Step Id="write_bitstream"/>
    <Step Id="write_device_image"/>
  </Strategy>
  <BlockFileSet Type="BlockSrcs" Name="blk_mem_gen_0"/>
</GenRun>
